City_ID,City,Lat,Lng,Max Temp,Humidity,Cloudiness,Wind Speed,Country,Date
0,balaklava,44.5,33.6,17.01,62,0,2.71,UA,1698700263
1,inhambane,-23.865,35.3833,19.58,70,65,4.65,MZ,1698700185
2,invercargill,-46.4,168.35,10.57,91,99,1.34,NZ,1698700142
3,hermanus,-34.4187,19.2345,13.83,78,0,7.26,ZA,1698700264
4,hamilton,39.1834,-84.5333,7.92,84,100,5.14,US,1698699678
5,pisco,-13.7,-76.2167,23.03,64,48,10.29,PE,1698700237
6,yellowknife,62.456,-114.3525,0.23,94,98,5.36,CA,1698700138
7,kodiak,57.79,-152.4072,7.73,93,100,5.14,US,1698700267
8,grytviken,-54.2811,-36.5092,4.54,82,15,3.42,GS,1698700268
9,albany,42.6001,-73.9662,8.82,87,100,4.45,US,1698700112
10,pimentel,-6.8367,-79.9342,23.16,68,0,11.32,PE,1698700269
11,avarua,-21.2078,-159.775,25.03,69,75,6.69,CK,1698700226
12,anan,33.9167,134.65,12.23,76,0,2.31,JP,1698700270
13,arilje,43.7531,20.0956,7.2,46,5,2.47,RS,1698700271
14,manacapuru,-3.2997,-60.6206,34.96,37,24,2.09,BR,1698700271
15,lata,40.1629,-8.3327,12.73,92,100,1.68,PT,1698700149
16,ushuaia,-54.8,-68.3,4.81,65,75,9.39,AR,1698700176
17,colonia,50.9333,6.95,13.75,91,20,4.12,DE,1698700149
18,lompoc,34.6391,-120.4579,27.1,33,0,4.63,US,1698700012
19,vorkuta,67.5,64.0,-11.75,87,100,3.61,RU,1698700274
20,waitangi,-43.9535,-176.5597,14.34,83,73,6.71,NZ,1698700274
21,qaqortoq,60.7167,-46.0333,5.64,60,100,10.6,GL,1698700275
22,puerto ayora,-0.7393,-90.3518,27.98,89,100,2.68,EC,1698700230
23,south hedland,-20.4089,118.5983,23.96,88,41,2.06,AU,1698700276
24,howrah,22.5892,88.3103,25.0,83,48,0.0,IN,1698700236
25,west island,-12.1568,96.8225,25.99,83,100,7.2,CC,1698700277
26,blackmans bay,-43.0167,147.3167,9.07,71,38,1.34,AU,1698700278
27,port lincoln,-34.7333,135.8667,11.13,66,23,2.57,AU,1698700283
28,bethel,41.3712,-73.414,13.34,88,100,2.57,US,1698700193
29,bredasdorp,-34.5322,20.0403,14.63,74,0,9.17,ZA,1698700256
30,port-aux-francais,-49.35,70.2167,3.03,83,100,16.48,TF,1698700113
31,duong dong,10.2167,103.9667,25.0,94,40,0.0,VN,1698700285
32,trairi,-3.2778,-39.2689,25.93,74,98,5.05,BR,1698700041
33,badger,64.8,-147.5333,1.31,87,100,0.0,US,1698700286
34,kilindoni,-7.9139,39.6668,26.69,77,100,6.44,TZ,1698700287
35,iqaluit,63.7506,-68.5145,-12.39,72,100,8.49,CA,1698700222
36,talcahuano,-36.7167,-73.1167,10.82,62,97,7.29,CL,1698700288
37,adamstown,-25.066,-130.1015,22.79,74,100,4.03,PN,1698700289
38,latehar,23.75,84.5,17.99,73,91,1.44,IN,1698700290
39,fale old settlement,-9.3852,-171.2468,28.67,75,32,6.63,TK,1698700291
40,khandyga,62.6667,135.6,-9.85,95,100,2.4,RU,1698700291
41,alo,7.4178,6.7371,26.09,89,100,1.8,NG,1698700292
42,kolonia,50.9333,6.95,13.75,91,20,4.12,DE,1698700191
43,bodo,67.28,14.405,-2.9,81,0,5.66,NO,1698700293
44,puerto la cruz,10.2167,-64.6167,28.02,77,83,2.49,VE,1698700294
45,kailua-kona,19.6406,-155.9956,30.33,66,20,3.6,US,1698700294
46,zhuanghe,39.7008,122.9911,15.35,95,7,2.79,CN,1698700295
47,sussex,41.1834,-74.6663,12.37,88,100,1.79,US,1698700295
48,edinburgh of the seven seas,-37.0676,-12.3116,12.94,92,99,12.19,SH,1698700296
49,gobernador virasora,-28.05,-56.0333,25.0,81,100,0.45,AR,1698700297
50,mersa matruh,31.3525,27.2453,23.07,76,79,3.37,EG,1698700297
51,jamestown,42.097,-79.2353,6.77,97,100,7.72,US,1698700197
52,port elizabeth,-33.918,25.5701,15.17,85,8,3.58,ZA,1698700117
53,utrik,11.2278,169.8474,28.05,81,100,9.53,MH,1698700299
54,puerto baquerizo moreno,-0.9,-89.6,27.55,69,75,6.17,EC,1698700300
55,alto araguaia,-17.3147,-53.2153,30.53,45,67,0.66,BR,1698700200
56,olonkinbyen,70.9221,-8.7187,1.19,62,100,5.3,SJ,1698700301
57,domna,51.8971,113.1573,-4.91,68,75,1.0,RU,1698700302
58,nabire,-3.3667,135.4833,23.79,94,100,1.11,ID,1698700176
59,quellon,-43.1167,-73.6167,6.08,97,100,0.98,CL,1698700303
60,namtsy,62.7161,129.6658,-17.12,97,100,2.83,RU,1698700303
61,puerto natales,-51.7236,-72.4875,7.07,47,61,2.17,CL,1698700141
62,santa ana,33.7456,-117.8678,29.24,8,40,6.17,US,1698700082
63,bilibino,68.0546,166.4372,-18.94,74,39,1.57,RU,1698700305
64,ulety,51.3572,112.4849,-9.03,89,8,0.79,RU,1698700305
65,tazovsky,67.4667,78.7,-16.14,94,21,2.08,RU,1698700306
66,cururupu,-1.8283,-44.8683,26.79,74,13,2.7,BR,1698700306
67,ingeniero guillermo n. juarez,-23.9,-61.85,32.55,49,80,5.51,AR,1698700307
68,college,64.8569,-147.8028,1.36,86,100,0.0,US,1698700133
69,shimokizukuri,40.8061,140.3861,9.18,90,0,2.17,JP,1698700308
70,atafu village,-8.5421,-172.5159,28.75,76,51,5.7,TK,1698700308
71,lae,-6.7221,146.9847,23.06,93,100,2.07,PG,1698700309
72,sao pedro,-22.5486,-47.9139,24.28,78,99,1.45,BR,1698700188
73,ribeira grande,38.5167,-28.7,19.32,77,40,8.49,PT,1698700310
74,ilulissat,69.2167,-51.1,3.01,52,2,9.77,GL,1698700311
75,hadibu,12.65,54.0333,26.42,76,92,3.76,YE,1698700250
76,kapuskasing,49.4169,-82.4331,-1.22,58,100,3.2,CA,1698700280
77,tiksi,71.6872,128.8694,-21.11,100,26,1.82,RU,1698700313
78,glace bay,46.1969,-59.957,3.27,92,100,0.0,CA,1698700314
79,georgetown,5.4112,100.3354,27.23,89,20,2.57,MY,1698700121
80,susuman,62.7833,148.1667,-16.68,97,21,0.45,RU,1698700315
81,minot air force base,48.4209,-101.3391,-3.9,83,40,12.86,US,1698700316
82,baardheere,2.3446,42.2764,26.04,78,34,0.57,SO,1698700316
83,mwanza,-2.5167,32.9,23.8,72,43,3.32,TZ,1698700317
84,revda,56.801,59.9303,-6.27,97,97,0.17,RU,1698700317
85,kingston,17.997,-76.7936,30.69,78,99,4.02,JM,1698700279
86,papatowai,-46.5619,169.4708,14.94,61,100,0.9,NZ,1698700318
87,mokolo,10.7398,13.8019,26.45,21,4,1.26,CM,1698700319
88,ankazobe,-18.3167,47.1167,19.64,72,17,1.72,MG,1698700320
89,punta arenas,-53.15,-70.9167,6.73,52,70,2.18,CL,1698700320
90,sukabumi,-6.9181,106.9267,21.2,94,17,0.66,ID,1698700195
91,vernon,50.2581,-119.2691,7.09,52,30,0.51,CA,1698700321
92,kirensk,57.7853,108.1119,-7.24,62,100,1.34,RU,1698700322
93,thompson,55.7435,-97.8558,-3.8,56,100,4.49,CA,1698700220
94,haiku-pauwela,20.9219,-156.3051,29.01,67,20,8.23,US,1698700285
95,dwarka,22.2394,68.9678,27.54,62,0,5.19,IN,1698700251
96,usinsk,65.9939,57.5281,-8.85,81,100,3.13,RU,1698700248
97,anatuya,-28.4606,-62.8347,15.52,78,99,7.88,AR,1698700324
98,hasaki,35.7333,140.8333,12.94,61,8,3.11,JP,1698700325
99,regina,50.4501,-104.6178,-6.09,53,55,10.73,CA,1698700201
100,plastun,44.7561,136.2939,7.93,89,0,2.84,RU,1698700326
101,constantia,44.1833,28.65,14.38,72,0,3.25,RO,1698700327
102,kidal,18.4411,1.4078,29.49,9,0,5.34,ML,1698700140
103,stanley,54.868,-1.6985,7.09,95,75,1.54,GB,1698700328
104,klyavlino,54.2649,52.0267,-2.28,97,100,4.49,RU,1698700328
105,safford,32.834,-109.7076,16.53,29,0,3.6,US,1698700329
106,port mathurin,-19.6833,63.4167,24.69,81,10,8.11,MU,1698700136
107,mount isa,-20.7333,139.5,20.87,73,25,0.0,AU,1698700330
108,kununurra,-15.7667,128.7333,24.99,88,100,3.09,AU,1698700330
109,udachny,66.4167,112.4,-21.97,100,98,1.77,RU,1698700251
110,lao cai,22.4833,103.95,21.87,97,100,0.36,VN,1698700331
111,fort frances,48.5999,-93.4003,-1.02,84,100,2.06,CA,1698700332
112,aasiaat,68.7098,-52.8699,-3.45,77,6,8.45,GL,1698700332
113,shahrak,34.1074,64.3052,5.82,49,23,1.63,AF,1698700333
114,saipan,15.1355,145.701,28.39,83,40,5.14,MP,1698700334
115,dodola,6.9833,39.1833,11.45,93,80,2.34,ET,1698700334
116,vanimo,-2.6741,141.3028,27.1,73,72,1.68,PG,1698700335
117,arraial do cabo,-22.9661,-42.0278,25.92,83,0,2.57,BR,1698700335
118,soio,-6.1349,12.3689,25.81,87,27,4.04,AO,1698700336
119,choibalsan,48.0667,114.5,-6.76,96,86,3.81,MN,1698700337
120,wailua homesteads,22.0669,-159.378,27.44,71,20,4.12,US,1698700337
121,ponta delgada,37.7333,-25.6667,18.4,72,40,3.09,PT,1698700338
122,margaret river,-33.95,115.0667,8.52,90,25,4.09,AU,1698700338
123,muscat,23.6139,58.5922,26.01,64,22,1.42,OM,1698700339
124,saldanha,-33.0117,17.9442,16.52,57,0,7.98,ZA,1698700340
125,decize,46.8285,3.4619,9.22,93,100,3.8,FR,1698700340
126,port isabel,26.0734,-97.2086,12.23,74,100,5.36,US,1698700083
127,le lavandou,43.137,6.366,16.9,83,75,15.43,FR,1698700341
128,kenai,60.5544,-151.2583,5.61,80,0,4.12,US,1698700342
129,al kharijah,25.4514,30.5464,25.16,51,0,3.18,EG,1698700342
130,masumbwe,-3.6333,32.1833,22.45,64,59,1.44,TZ,1698700163
131,carnarvon,-24.8667,113.6333,19.8,74,0,8.2,AU,1698700251
132,suntar,62.1444,117.6319,-10.47,97,100,1.53,RU,1698700343
133,hithadhoo,-0.6,73.0833,26.69,82,9,4.81,MV,1698700242
134,lionel town,17.8101,-77.2406,30.54,63,100,2.33,JM,1698700344
135,dombarovskiy,50.7587,59.5386,0.56,82,96,8.49,RU,1698700057
136,isafjordur,66.0755,-23.124,2.43,75,87,2.16,IS,1698700345
137,mercedes,-34.6515,-59.4307,20.48,30,100,4.1,AR,1698700346
138,kaiama,9.6225,3.9481,27.27,39,100,1.58,NG,1698700346
139,callao,-12.0667,-77.15,22.16,68,0,8.23,PE,1698700279
140,itoman,26.1247,127.6694,22.01,73,1,4.12,JP,1698700130
141,xai-xai,-25.0519,33.6442,17.76,82,100,4.52,MZ,1698700348
142,khash,28.2211,61.2158,19.55,34,7,2.6,IR,1698700348
143,chinoz,40.9364,68.7697,18.19,47,100,2.34,UZ,1698700349
144,klyuchi,52.2667,79.1667,5.54,98,100,2.55,RU,1698700269
145,martuk,50.7475,56.5056,2.55,71,100,6.17,KZ,1698700350
146,shiguai,40.7058,110.2856,8.57,40,28,2.33,CN,1698700351
147,mount pearl,47.5166,-52.7813,4.69,64,100,0.45,CA,1698700252
148,yaren,-0.5472,166.916,28.45,69,100,2.6,NR,1698700198
149,laguna,38.421,-121.4238,23.63,29,0,1.54,US,1698700313
150,huambo,-12.7761,15.7392,16.9,94,98,1.71,AO,1698700353
151,praia da vitoria,38.7333,-27.0667,18.75,86,14,5.32,PT,1698700238
152,zima,53.9202,102.0442,-8.15,79,13,0.68,RU,1698700354
153,thabazimbi,-24.5917,27.4116,13.37,68,100,3.56,ZA,1698700224
154,tamiahua,21.2667,-97.45,20.61,87,100,10.62,MX,1698700355
155,saint croix,17.7397,-64.7388,29.25,83,20,5.66,VI,1698700355
156,kangaba,11.9333,-8.4167,28.68,43,88,1.51,ML,1698700356
157,mil'kovo,55.6078,37.7956,9.67,98,100,4.84,RU,1698700356
158,jumla,29.2747,82.1838,7.28,82,6,1.94,NP,1698700273
159,ugoofaaru,5.6667,73.0,27.37,75,100,2.52,MV,1698700330
160,touros,-5.1989,-35.4608,26.21,76,23,9.68,BR,1698700283
161,kourou,5.1552,-52.6478,30.03,80,70,3.92,GF,1698700358
162,port pirie,-33.1833,138.0167,13.55,63,100,3.69,AU,1698700359
163,shiqian,27.5225,108.2281,15.77,82,82,0.32,CN,1698700359
164,borovskoy,53.8,64.15,-1.56,93,97,5.38,KZ,1698700360
165,tlahualilo de zaragoza,26.1167,-103.45,13.45,72,100,1.0,MX,1698700361
166,axim,4.8699,-2.2405,26.2,86,14,1.97,GH,1698700361
167,port alfred,-33.5906,26.891,13.99,93,70,0.89,ZA,1698700362
168,petropavlovsk-kamchatsky,53.0452,158.6483,-0.3,82,20,4.92,RU,1698700145
169,tura,25.5198,90.2201,19.68,87,95,1.56,IN,1698700252
170,hammerfest,70.6634,23.6821,1.25,86,40,3.6,NO,1698700363
171,tanguieta,10.6212,1.2665,28.41,32,54,2.6,BJ,1698700364
172,greenwood,34.1668,-82.1165,29.23,44,0,3.6,US,1698700364
173,natal,-5.795,-35.2094,26.36,69,0,4.63,BR,1698700365
174,nemuro,43.3236,145.575,9.77,80,9,4.45,JP,1698700318
175,greymouth,-42.4667,171.2,15.45,63,100,1.37,NZ,1698700169
176,kemijarvi,66.7131,27.4306,-14.13,98,72,1.53,FI,1698700366
177,nishinoomote,30.7333,131.0,20.8,58,0,0.72,JP,1698700367
178,nikolayevsk-on-amure,53.1406,140.73,-1.14,93,13,1.95,RU,1698700367
179,lazaro cardenas,17.9583,-102.2,28.87,77,19,3.25,MX,1698700368
180,mae hong son,19.3003,97.9685,22.16,99,100,0.79,TH,1698700368
181,whitehorse,60.7161,-135.0538,2.23,93,100,3.09,CA,1698700369
182,alofi,-19.0595,-169.9187,26.94,65,75,5.66,NU,1698700369
183,nogliki,51.8333,143.1667,2.41,71,93,1.34,RU,1698700370
184,chonchi,-42.6128,-73.8092,10.62,87,95,1.14,CL,1698700114
185,ancud,-41.8697,-73.8203,9.09,59,27,4.42,CL,1698700227
186,gudul,40.2105,32.2455,12.5,54,100,2.59,TR,1698700371
187,san rafael,-34.6177,-68.3301,16.84,19,10,4.69,AR,1698700259
188,veinticinco de mayo,-35.4323,-60.1727,21.1,27,69,0.89,AR,1698700372
189,nadbai,27.2333,77.2,24.31,41,26,1.44,IN,1698700372
190,carupano,10.6678,-63.2585,27.53,84,100,3.5,VE,1698700373
191,aykhal,66.0,111.5,-20.68,98,100,2.83,RU,1698700373
192,chibougamau,49.9168,-74.3659,-3.21,86,100,3.09,CA,1698700196
193,ujae,8.9322,165.7642,28.57,79,100,10.49,MH,1698700374
194,anadyr,64.75,177.4833,-0.72,100,75,6.0,RU,1698700244
195,vilyuchinsk,52.9306,158.4028,0.52,78,72,3.06,RU,1698700375
196,magadan,59.5667,150.8,-4.81,76,12,3.05,RU,1698700196
197,peace river,56.2501,-117.286,2.17,69,100,2.57,CA,1698700376
198,kapa'a,22.0752,-159.319,28.18,71,20,4.12,US,1698700121
199,moyynkum,44.2914,72.9469,16.81,48,100,4.51,KZ,1698700377
200,mahina,-17.5065,-149.489,29.87,70,40,2.57,PF,1698700378
201,vorgashor,67.5833,63.95,-12.15,88,100,3.69,RU,1698700190
202,iskateley,67.6803,53.1512,-6.66,95,99,4.47,RU,1698700230
203,tual,-5.6667,132.75,27.68,77,100,4.01,ID,1698700379
204,angaur state,6.906,134.13,28.17,75,13,3.52,PW,1698700380
205,tolanaro,-25.0319,46.9987,22.87,88,100,1.73,MG,1698700230
206,geiro,-6.15,36.8667,18.44,90,100,3.06,TZ,1698700381
207,puerto deseado,-47.7503,-65.8938,6.23,41,100,9.39,AR,1698700296
208,ayr,55.4627,-4.6339,5.55,75,0,4.63,GB,1698700382
209,chapeco,-27.0964,-52.6183,21.63,99,59,1.24,BR,1698700382
210,holualoa,19.6228,-155.9522,28.26,66,20,3.6,US,1698700383
211,abepura,-2.6333,140.5833,25.45,83,40,3.6,ID,1698700384
212,altay,47.8667,88.1167,5.48,100,100,1.35,CN,1698700385
213,cankuzo,-3.1333,30.5833,17.39,76,50,1.23,BI,1698700385
214,rio grande,-32.035,-52.0986,20.06,92,100,5.3,BR,1698700271
215,ola,59.5833,151.2833,-3.48,67,8,2.73,RU,1698700386
216,codrington,-38.2667,141.9667,11.34,58,55,6.51,AU,1698700314
217,palikir - national government center,6.9248,158.1611,29.41,79,75,1.54,FM,1698700271
218,lihue,21.9789,-159.3672,27.77,71,20,4.12,US,1698700154
219,tambura,5.6,27.4667,22.6,87,100,1.61,SS,1698700389
220,sayat,38.7839,63.8803,20.02,43,55,4.3,TM,1698700389
221,san andres,12.5847,-81.7006,31.01,70,20,1.03,CO,1698700381
222,barranca,-10.75,-77.7667,18.02,92,100,6.8,PE,1698700390
223,ghat,24.9647,10.1728,25.99,16,0,2.34,LY,1698700384
224,la sarre,48.8002,-79.1996,-0.44,55,100,3.78,CA,1698700156
225,la'ie,21.6477,-157.9253,30.03,72,6,4.93,US,1698700392
226,ippy,6.2679,21.2247,23.3,80,19,2.03,CF,1698700393
227,keflavik,64.0049,-22.5624,4.24,70,40,6.17,IS,1698700195
228,hawaiian paradise park,19.5933,-154.9731,27.24,88,75,3.6,US,1698700123
229,papao,-17.75,-149.55,29.82,80,2,8.54,PF,1698700394
230,cabo san lucas,22.8909,-109.9124,32.01,68,40,4.12,MX,1698700098
231,ta`u,-14.2336,-169.5144,27.1,81,57,11.94,AS,1698700395
232,bodaybo,57.8506,114.1933,-8.17,53,100,1.71,RU,1698700396
233,bikenibeu village,1.3673,173.1241,26.98,89,100,2.06,KI,1698700261
234,hotan,37.0997,79.9269,13.97,19,0,2.44,CN,1698700397
235,lebu,-37.6167,-73.65,10.42,64,91,6.97,CL,1698700398
236,vashkivtsi,48.3849,25.5102,14.16,52,75,2.36,UA,1698700399
237,vallegrande,-18.4897,-64.1069,22.83,55,6,5.17,BO,1698700399
238,polyarnyy,69.1989,33.4478,-5.59,90,100,7.39,RU,1698700167
239,kuybyshev,55.4475,78.3218,-5.33,91,100,5.72,RU,1698700400
240,nchelenge,-9.3451,28.734,25.5,65,100,2.86,ZM,1698700401
241,longyearbyen,78.2186,15.6401,0.91,69,75,3.6,SJ,1698700121
242,nuuk,64.1835,-51.7216,8.34,31,75,7.72,GL,1698700282
243,kutum,14.2,24.6667,24.22,20,76,3.98,SD,1698700402
244,la passe,45.5549,-0.8967,14.43,80,50,10.75,FR,1698700403
245,happy valley-goose bay,53.3168,-60.3315,0.17,40,40,6.69,CA,1698700403
246,salaga,8.5508,-0.5188,28.56,60,70,2.68,GH,1698700404
247,kalmunai,7.4167,81.8167,24.65,87,46,1.82,LK,1698700404
248,north bend,43.4065,-124.2243,18.95,42,0,0.0,US,1698700405
249,labrador city,52.9463,-66.9114,-5.05,54,75,2.57,CA,1698700352
250,bamboo flat,11.7,92.7167,27.64,79,98,2.65,IN,1698700283
251,cova figueira,14.8905,-24.2934,23.67,67,11,1.14,CV,1698700406
252,bambanglipuro,-7.95,110.2833,24.35,89,27,1.25,ID,1698700407
253,prado,-17.3411,-39.2208,24.74,74,96,5.95,BR,1698700199
254,kamina,-8.7386,24.9906,18.03,92,100,1.51,CD,1698700409
255,kovalam,8.3667,76.9967,28.05,83,75,0.0,IN,1698700409
256,theux,50.5332,5.8125,13.34,92,100,7.12,BE,1698700410
257,zharkent,44.1628,80.0,14.01,52,92,2.19,KZ,1698700410
258,east london,-33.0153,27.9116,14.94,80,73,5.72,ZA,1698700412
259,anchorage,61.2181,-149.9003,7.18,80,0,3.09,US,1698700412
260,nadi,-17.8,177.4167,29.0,61,20,3.09,FJ,1698700312
261,choyr,46.3611,108.3611,-4.69,82,9,1.73,MN,1698700413
262,krasnyy yar,46.5331,48.3456,4.96,62,0,1.87,RU,1698700413
263,urzhar,47.093,81.6294,12.01,95,100,1.59,KZ,1698700414
264,ulladulla,-35.35,150.4667,18.76,52,2,3.7,AU,1698700193
265,el galpon,-25.3807,-64.6526,20.43,79,100,2.59,AR,1698700415
266,dahegam,23.1667,72.8167,23.87,37,10,2.89,IN,1698700415
267,tsengel,49.4783,100.8894,-1.8,77,94,1.07,MN,1698700416
268,chimoio,-19.1164,33.4833,17.44,77,100,3.33,MZ,1698700417
269,ust-nera,64.5667,143.2,-18.33,100,88,1.92,RU,1698700198
270,centar zupa,41.4681,20.5589,6.85,55,7,1.02,MK,1698700418
271,yeraliyev,43.2,51.65,12.03,74,0,0.85,KZ,1698700418
272,kloulklubed,7.0419,134.2556,28.07,76,17,3.47,PW,1698700419
273,george town,5.4112,100.3354,27.23,89,20,2.57,MY,1698700290
274,tarauaca,-8.1614,-70.7656,34.63,41,99,1.73,BR,1698700359
275,hailey,43.5196,-114.3153,7.17,47,0,4.12,US,1698700169
276,saint-felicien,48.6501,-72.4491,1.38,100,100,2.06,CA,1698700421
277,altamira,-3.2033,-52.2064,34.16,32,65,0.96,BR,1698700422
278,kavaratti,10.5669,72.642,27.87,70,100,0.85,IN,1698700423
279,andergrove,-21.0833,149.1833,21.47,64,25,1.6,AU,1698700424
280,mana,5.6592,-53.7767,27.62,83,5,4.97,GF,1698700424
281,tahe,52.3333,124.7333,-5.75,49,100,0.53,CN,1698700425
282,mukalla,14.5425,49.1242,25.25,83,35,0.86,YE,1698700425
283,dunedin,-45.8742,170.5036,14.81,69,98,2.05,NZ,1698700414
284,daru,-9.0763,143.2092,25.78,83,100,6.21,PG,1698700313
285,afaahiti,-17.75,-149.2833,28.93,82,54,7.54,PF,1698700178
286,aripuana,-9.1667,-60.6333,29.15,57,90,1.83,BR,1698700176
287,kostyantynivka,48.5277,37.7069,11.11,71,90,3.97,UA,1698700428
288,camiri,-20.05,-63.5167,25.88,89,100,2.57,BO,1698700428
289,san antonio de pale,-1.4014,5.6325,26.57,84,100,5.42,GQ,1698700430
290,luwuk,-0.9516,122.7875,25.16,78,98,2.43,ID,1698700431
291,island harbour,50.724,-1.2758,9.99,94,76,3.41,GB,1698700263
292,mount sterling,38.0565,-83.9433,7.86,89,100,1.54,US,1698700432
293,santa rita,-7.1139,-34.9781,26.37,73,0,5.14,BR,1698700274
294,enewetak,11.3474,162.3373,28.49,79,100,10.16,MH,1698700225
295,nagato,34.3833,131.2,13.55,77,0,1.28,JP,1698700435
296,nar'yan-mar,67.6713,53.087,-6.61,95,99,4.47,RU,1698700436
297,richland center,43.3347,-90.3868,3.9,48,6,5.26,US,1698700432
298,nagqu,31.5,92.0,-6.36,90,100,0.66,CN,1698700437
299,opuwo,-18.0607,13.84,22.21,15,5,3.24,NA,1698700438
300,swift current,50.2834,-107.8014,-6.76,86,17,2.35,CA,1698700167
301,st. john's,47.5649,-52.7093,5.15,65,100,2.68,CA,1698700248
302,laela,-8.5667,32.05,23.52,40,69,2.2,TZ,1698700440
303,cordele,31.9635,-83.7824,29.84,44,40,1.54,US,1698700440
304,geraldton,-28.7667,114.6,12.23,76,3,4.63,AU,1698700441
305,borjomi,41.8527,43.4128,12.47,70,9,3.87,GE,1698700441
306,da nang,16.0678,108.2208,26.99,83,75,2.57,VN,1698700442
307,salahonda,2.1019,-78.7217,26.12,84,66,4.97,CO,1698700443
308,salina,38.8403,-97.6114,8.91,39,0,5.66,US,1698700338
309,zinder,13.8072,8.9881,29.97,16,100,4.73,NE,1698700444
310,embi,48.8264,58.1442,3.79,74,100,7.6,KZ,1698700444
311,kupino,54.3663,77.2981,-3.29,95,100,4.44,RU,1698700446
312,al fuwayliq,26.4432,43.2534,19.89,59,43,3.28,SA,1698700447
313,coronel suarez,-37.4547,-61.9334,17.22,18,100,4.32,AR,1698700447
314,talnakh,69.4865,88.3972,-17.11,95,100,2.42,RU,1698700448
315,limon,10.0,-83.0333,28.94,79,75,2.57,CR,1698700448
316,shache,38.4167,77.2406,16.51,24,2,3.09,CN,1698700449
317,namibe,-15.1961,12.1522,18.81,81,0,1.87,AO,1698700188
318,nova sintra,14.8667,-24.7167,23.51,64,57,0.84,CV,1698700450
319,hillsborough,37.5741,-122.3794,24.55,30,20,3.6,US,1698700451
320,margate,51.3813,1.3862,9.39,92,100,0.45,GB,1698700452
321,new plymouth,-39.0667,174.0833,14.9,89,100,2.49,NZ,1698700453
322,kerikeri,-35.2268,173.9474,17.73,95,98,2.24,NZ,1698700453
323,laizhou,37.1717,119.9214,16.67,73,1,5.73,CN,1698700454
324,uturoa,-16.7333,-151.4333,26.32,80,11,8.03,PF,1698700455
325,raton,36.9034,-104.4391,7.19,36,0,2.65,US,1698700455
326,lautoka,-17.6167,177.4667,28.92,61,20,3.09,FJ,1698700457
327,nuku'alofa,-21.1333,-175.2,23.43,88,75,9.24,TO,1698700192
328,lumding railway colony,25.749,93.17,19.95,99,83,0.59,IN,1698700458
329,moussoro,13.6408,16.4901,31.19,12,3,5.09,TD,1698700458
330,kittila,67.6647,24.8936,-16.92,85,100,1.03,FI,1698700459
331,howard springs,-12.497,131.047,25.95,91,78,1.72,AU,1698700308
332,chavusy,53.8075,30.9712,8.0,96,80,3.41,BY,1698700460
333,cabedelo,-6.9811,-34.8339,26.37,74,69,6.12,BR,1698700460
334,sitka,57.0531,-135.33,8.94,81,75,3.6,US,1698700461
335,pacasmayo,-7.4006,-79.5714,21.46,76,100,7.44,PE,1698700237
336,chashniki,54.8569,29.1607,7.34,95,100,3.45,BY,1698700462
337,arkhangel'sk,64.5401,40.5433,-8.26,97,93,2.38,RU,1698700408
338,lamu,-2.2717,40.902,27.12,91,8,2.19,KE,1698700463
339,beaufort west,-32.3567,22.583,11.67,65,0,6.74,ZA,1698700464
340,revin,49.9404,4.635,11.18,95,100,5.48,FR,1698700465
341,port-vila,-17.7338,168.3219,23.78,83,100,2.06,VU,1698700466
342,mananjary,-21.2167,48.3333,24.5,83,80,4.57,MG,1698700467
343,belyy yar,53.6039,91.3903,-3.06,93,75,1.0,RU,1698700467
344,sao tome,0.3365,6.7273,27.31,80,99,5.83,ST,1698700469
345,hopelchen,19.7667,-89.85,34.88,27,7,2.08,MX,1698700470
346,emerald,-23.5333,148.1667,20.19,55,0,2.99,AU,1698700277
347,halabjah,35.1778,45.9861,20.18,32,100,1.14,IQ,1698700472
348,lewistown,40.5992,-77.5714,11.22,100,100,4.96,US,1698700472
349,wewak,-3.5534,143.6268,24.56,88,100,3.0,PG,1698700473
350,sur,22.5667,59.5289,27.51,63,4,4.48,OM,1698700296
351,ziro,27.6333,93.8333,7.73,82,16,1.23,IN,1698700327
352,santiago del estero,-27.7951,-64.2615,20.02,61,97,7.36,AR,1698700288
353,coron,11.9986,120.2043,24.82,86,100,1.03,PH,1698700478
354,sao joao da barra,-21.6403,-41.0511,26.05,90,81,6.71,BR,1698700234
355,remire-montjoly,4.9167,-52.2667,30.02,74,100,4.63,GF,1698700250
356,turpan,42.9333,89.1667,13.97,39,11,0.29,CN,1698700282
357,isoka,-10.1606,32.6335,23.61,45,39,3.88,ZM,1698700482
358,vila velha,-20.3297,-40.2925,26.08,81,0,7.72,BR,1698700201
359,souillac,-20.5167,57.5167,25.21,83,40,5.14,MU,1698700483
360,abalak,58.1286,68.5944,-7.58,94,86,3.22,RU,1698700484
361,thenzawl,23.3167,92.75,16.12,81,4,1.24,IN,1698700485
362,guerrero negro,27.9769,-114.0611,22.57,50,0,4.36,MX,1698700485
363,alice springs,-23.7,133.8833,17.75,22,70,2.57,AU,1698700204
364,fremont,37.5483,-121.9886,24.99,30,0,2.57,US,1698700447
365,lanivtsi,49.8633,26.0908,13.14,61,84,3.31,UA,1698700488
366,castillos,-34.1667,-53.8333,13.39,94,100,7.42,UY,1698700488
367,fisterra,42.9049,-9.2629,15.42,69,0,8.93,ES,1698700489
368,cambria,35.5641,-121.0808,27.41,47,95,2.68,US,1698700489
369,taro,-8.3862,115.28,22.0,89,23,1.01,ID,1698700490
370,manokwari,-0.8667,134.0833,25.53,82,100,2.35,ID,1698700490
371,coaticook,45.1334,-71.7991,2.87,100,100,2.05,CA,1698700491
372,dudinka,69.4058,86.1778,-16.85,97,100,0.89,RU,1698700317
373,santa quiteria,-4.3319,-40.1567,33.71,22,88,2.1,BR,1698700492
374,mohr,54.3528,9.7167,11.08,92,100,2.06,DE,1698700493
375,manuguru,17.981,80.7547,20.41,88,75,0.23,IN,1698700495
376,port hedland,-20.3167,118.5667,24.03,88,40,2.06,AU,1698700241
377,brokopondo,4.75,-55.1667,32.31,45,13,1.77,SR,1698700503
378,oblivskaya,48.5362,42.5014,8.84,77,100,3.71,RU,1698700504
379,jingdezhen,29.2947,117.2079,15.89,81,0,1.12,CN,1698700504
380,khanpur mahar,27.8436,69.4137,26.13,26,28,1.1,PK,1698700505
381,marechal candido rondon,-24.5561,-54.0567,25.42,82,69,1.41,BR,1698700506
382,san pedro pochutla,15.7333,-96.4667,31.84,67,58,2.28,MX,1698700366
383,gadzhiyevo,69.2551,33.3362,-5.89,91,100,7.89,RU,1698700483
384,ephraim,39.3597,-111.5863,11.26,18,0,2.31,US,1698700509
385,oriximina,-1.7656,-55.8661,35.45,33,26,2.64,BR,1698700512
386,sola,-13.8833,167.55,27.37,89,75,0.0,VU,1698700512
387,mwene-ditu,-7.0,23.45,19.92,97,100,1.24,CD,1698700513
388,calca,-13.3333,-71.95,26.64,61,80,4.34,PE,1698700514
389,weno,7.4515,151.8468,28.55,78,88,6.01,FM,1698700278
390,brookings,44.3114,-96.7984,5.1,46,0,9.26,US,1698700177
391,chemolgan,43.1897,76.5292,8.81,49,99,1.92,KZ,1698700517
392,mthatha,-31.5889,28.7844,9.31,93,97,3.09,ZA,1698700518
393,burela de cabo,43.65,-7.4,14.54,79,75,7.71,ES,1698700519
394,edd,13.9297,41.6925,30.78,48,76,6.67,ER,1698700521
395,kamaishi,39.2667,141.8833,9.12,95,0,2.11,JP,1698700521
396,wick,58.4333,-3.0833,7.03,70,40,8.75,GB,1698700522
397,nova vicosa,-17.8919,-39.3719,24.93,73,60,6.39,BR,1698700524
398,irati,-25.4672,-50.6511,22.17,93,45,1.52,BR,1698700524
399,san antonio,29.4241,-98.4936,7.01,77,100,7.2,US,1698700477
400,san patricio,28.017,-97.5169,9.97,67,100,8.7,US,1698700526
401,gebeit,21.0667,36.3167,23.82,69,0,3.86,SD,1698700528
402,rock springs,41.5875,-109.2029,6.24,29,0,5.66,US,1698700529
403,fort st. john,56.2499,-120.8529,4.94,45,100,4.63,CA,1698700486
404,sinabang,2.4803,96.3801,25.28,88,100,1.97,ID,1698700531
405,shakiso,5.75,38.9167,13.62,98,40,1.21,ET,1698700532
406,akhmim,26.5622,31.745,26.59,41,0,2.6,EG,1698700533
407,malango,-2.9627,119.9001,19.11,91,71,0.55,ID,1698700534
408,aleysk,52.4926,82.7822,4.92,96,100,4.71,RU,1698700535
409,queenstown,-31.8976,26.8753,7.61,82,85,3.84,ZA,1698700512
410,joaquin v. gonzalez,-25.0833,-64.1833,20.42,77,93,5.06,AR,1698700537
411,antonio enes,-16.2325,39.9086,24.52,84,42,2.26,MZ,1698700538
412,quebo,11.3333,-14.9333,23.23,93,100,2.23,GW,1698700539
413,saint-philippe,-21.3585,55.7679,23.77,83,18,4.1,RE,1698700540
414,obo,5.3998,26.4869,23.05,83,94,1.41,CF,1698700541
415,isangel,-19.55,169.2667,25.06,69,40,2.06,VU,1698700541
416,bryne,58.7354,5.6477,2.75,87,20,1.54,NO,1698700542
417,umm kaddadah,13.6017,26.6876,30.56,19,71,4.64,SD,1698700543
418,wanning,18.8003,110.3967,22.46,96,99,1.27,CN,1698700544
419,sakaiminato,35.55,133.2333,8.99,100,20,2.57,JP,1698700544
420,la mira,18.035,-102.3266,29.19,88,82,2.01,MX,1698700545
421,fort bragg,35.139,-79.006,29.34,46,0,6.69,US,1698700545
422,mek'ele,13.4967,39.4753,16.08,70,52,5.58,ET,1698700546
423,yamada,39.4667,141.95,10.21,85,0,2.15,JP,1698700547
424,chinde,26.8418,88.0763,14.46,75,99,2.13,NP,1698700548
425,catia la mar,10.6038,-67.0303,31.11,71,40,1.54,VE,1698700549
426,maragogi,-9.0122,-35.2225,24.87,71,61,4.1,BR,1698700550
427,kruisfontein,-34.0033,24.7314,12.43,70,0,5.83,ZA,1698700550
428,minas de marcona,-15.2119,-75.1103,18.72,65,9,8.53,PE,1698700551
429,childress,34.4264,-100.204,8.14,31,0,2.06,US,1698700552
430,tuy hoa,13.0833,109.3,24.81,92,100,2.98,VN,1698700553
431,long beach,33.767,-118.1892,29.42,10,0,6.17,US,1698700496
432,likiep,9.8251,169.3107,27.63,82,100,7.79,MH,1698700554
433,buka,40.8108,69.1986,17.9,41,100,0.95,UZ,1698700554
434,walvis bay,-22.9575,14.5053,14.97,86,19,3.15,NA,1698700475
435,caleta de carquin,-11.0925,-77.6267,21.28,78,98,5.2,PE,1698700556
436,baukau,51.5526,7.2042,13.52,89,100,1.34,DE,1698700556
437,sedalia,38.7045,-93.2283,4.84,48,20,4.12,US,1698700387
438,preobrazheniye,42.9019,133.9064,10.47,91,6,2.66,RU,1698700557
439,thanh hoa,19.8,105.7667,23.19,90,100,1.73,VN,1698700558
440,pangai,-19.8,-174.35,27.06,78,75,5.66,TO,1698700559
441,tindouf,27.6711,-8.1474,27.25,21,0,2.06,DZ,1698700560
442,naze,28.3667,129.4833,20.51,75,56,4.8,JP,1698700561
443,bagar,28.1874,75.5005,24.75,33,58,1.95,IN,1698700561
444,la penita de jaltomba,21.0333,-105.25,30.94,74,18,2.94,MX,1698700563
445,klaksvik,62.2266,-6.589,4.51,63,79,7.22,FO,1698700564
446,takoradi,4.8845,-1.7554,25.09,92,15,0.49,GH,1698700566
447,malvan,16.0667,73.4667,26.91,75,8,2.83,IN,1698700567
448,bubaque,11.2833,-15.8333,28.3,70,100,2.99,GW,1698700287
449,coahuayana de hidalgo,18.7,-103.6583,30.82,63,33,2.94,MX,1698700570
450,almunecar,36.7339,-3.6907,19.27,53,97,6.96,ES,1698700571
451,selfoss,63.9331,-20.9971,0.58,80,17,2.85,IS,1698700573
452,port macquarie,-31.4333,152.9167,19.94,49,66,1.61,AU,1698700373
453,salalah,17.0151,54.0924,25.05,83,20,2.57,OM,1698700574
454,carauari,-4.8828,-66.8958,37.08,33,38,1.19,BR,1698700439
455,morehead city,34.7229,-76.726,26.03,83,0,6.69,US,1698700549
456,al bawiti,28.3492,28.8659,22.38,74,5,4.93,EG,1698700576
457,qamdo,31.1667,97.2333,-4.23,80,98,1.29,CN,1698700578
458,union de san antonio,21.1,-101.9667,27.15,18,2,3.32,MX,1698700579
459,masterton,-40.9597,175.6575,17.71,98,100,1.46,NZ,1698700580
460,slave lake,55.2834,-114.769,-0.01,64,75,4.12,CA,1698700581
461,port saint john's,-31.6229,29.5448,13.64,86,100,1.06,ZA,1698700582
462,tamanrasset,22.785,5.5228,24.95,16,40,2.06,DZ,1698700582
463,sona,45.4388,10.8255,19.03,94,75,5.66,IT,1698700583
464,luanda,-8.8368,13.2343,23.0,94,75,2.06,AO,1698700584
465,coquimbo,-29.9533,-71.3436,18.85,68,0,6.69,CL,1698700585
466,san antonio oeste,-40.7319,-64.9477,16.64,17,68,4.72,AR,1698700585
467,port douglas,-16.4833,145.4667,22.11,73,90,3.08,AU,1698700586
468,huarmey,-10.0681,-78.1522,19.26,87,57,6.76,PE,1698700531
469,sarangani,5.4033,125.4636,27.95,71,97,0.62,PH,1698700588
470,el porvenir,13.7617,-87.3458,25.63,97,99,0.55,HN,1698700589
471,petukhovo,55.0692,67.9019,-3.15,95,100,5.03,RU,1698700590
472,vitry-le-francois,48.7333,4.5833,11.23,95,100,6.96,FR,1698700591
473,wenchang,30.904,118.4887,16.24,64,0,1.56,CN,1698700593
474,saynshand,44.8824,110.1163,-0.28,77,44,1.81,MN,1698700594
475,ha giang,22.8333,104.9833,21.75,96,100,0.25,VN,1698700595
476,impfondo,1.6381,18.0667,25.11,76,34,1.25,CG,1698700596
477,ambon,-3.6954,128.1814,25.08,94,40,3.09,ID,1698700494
478,yeppoon,-23.1333,150.7333,19.88,59,4,1.02,AU,1698700597
479,korla,41.7597,86.1469,14.46,45,11,3.09,CN,1698700598
480,tidjikja,18.5564,-11.4271,31.14,11,2,5.4,MR,1698700600
481,brady,31.1352,-99.3351,7.25,49,100,9.26,US,1698700600
482,brampton,43.6834,-79.7663,6.12,85,100,8.75,CA,1698699938
483,severo-yeniseyskiy,60.3725,93.0408,-18.05,99,80,1.06,RU,1698700516
484,limuru,-1.1,36.65,14.55,90,15,2.49,KE,1698700502
485,tomatlan,19.9333,-105.25,30.24,69,38,4.03,MX,1698700603
486,mermoz boabab,14.7065,-17.4758,27.88,78,40,3.09,SN,1698700604
487,pailon,-17.65,-62.75,32.82,25,31,7.58,BO,1698700605
488,marathon,44.9,-89.7668,0.86,51,40,6.17,US,1698700606
489,pskov,57.8136,28.3496,1.95,100,100,1.0,RU,1698700607
490,nezhinka,51.7676,55.3694,1.09,86,75,4.02,RU,1698700608
491,kupang,-10.1667,123.5833,26.32,83,20,4.63,ID,1698700609
492,moree,-29.4667,149.85,23.38,42,0,6.85,AU,1698700609
493,aron,24.3833,77.4167,20.6,46,100,2.01,IN,1698700610
494,peru,40.7537,-86.0689,7.56,46,20,5.14,US,1698700611
495,sisimiut,66.9395,-53.6735,-1.98,65,100,1.71,GL,1698700611
496,boke,10.9409,-14.2967,24.03,94,76,2.04,GN,1698700612
497,cockburn town,21.4612,-71.1419,28.84,79,100,4.39,TC,1698700612
498,saint-joseph,-21.3667,55.6167,23.21,81,20,1.35,RE,1698700613
499,tan-tan,28.438,-11.1032,21.9,60,83,3.79,MA,1698700614
500,uvalde,29.3669,-99.767,7.85,58,100,4.63,US,1698700614
501,las heras,-46.5419,-68.9359,7.7,39,100,5.32,AR,1698700558
502,rawson,-43.3002,-65.1023,9.74,58,90,8.83,AR,1698700617
503,portland,45.5234,-122.6762,16.84,41,20,7.72,US,1698700375
504,sena madureira,-9.0656,-68.6569,37.27,29,100,1.68,BR,1698700350
505,arar,30.9753,41.0381,21.01,46,40,3.6,SA,1698700619
506,sumbe,-11.2061,13.8437,24.76,86,70,5.41,AO,1698700620
507,gemena,3.25,19.7667,23.84,87,70,1.24,CD,1698700621
508,tsiombe,-25.3,45.4833,22.23,83,100,2.59,MG,1698700623
509,illizi,26.4833,8.4667,25.89,17,3,2.77,DZ,1698700624
510,komatsu,36.4026,136.4509,8.99,87,20,1.54,JP,1698700626
511,taber,49.8167,-112.1518,1.91,65,50,1.54,CA,1698700627
512,kerimaki,61.9167,29.2833,-9.03,92,0,0.51,FI,1698700628
513,araguaina,-7.1911,-48.2072,35.22,21,24,1.68,BR,1698700630
514,abbeville,50.1,1.8333,10.7,92,100,4.41,FR,1698700631
515,altai,46.3722,96.2583,0.39,70,44,7.28,MN,1698700633
516,yuzhno-kurilsk,44.0306,145.8556,7.99,76,13,4.03,RU,1698700634
517,as sulayyil,20.4607,45.5779,26.14,29,93,3.66,SA,1698700635
518,la ronge,55.1001,-105.2842,-5.86,53,75,4.63,CA,1698700532
519,lulea,65.5842,22.1547,-11.96,85,0,2.06,SE,1698700638
520,mgandu,-5.95,34.1333,21.56,61,100,5.29,TZ,1698700639
521,ketchikan,55.3422,-131.6461,7.26,76,100,1.54,US,1698700616
522,maputo,-25.9653,32.5892,13.82,88,100,3.6,MZ,1698700641
523,rongelap,11.1635,166.8941,28.47,79,100,10.51,MH,1698700642
524,mata-utu,-13.2816,-176.1745,28.14,76,36,5.31,WF,1698700643
525,buritis,-15.6178,-46.4233,34.76,23,47,1.17,BR,1698700525
526,fort mcmurray,56.7268,-111.381,-0.27,47,0,4.12,CA,1698700488
527,tanabe,33.7333,135.3667,14.32,75,0,2.14,JP,1698700646
528,boa vista,2.8197,-60.6733,34.99,38,40,4.12,BR,1698700648
529,kansk,56.2017,95.7175,-7.81,73,71,3.02,RU,1698700649
530,berber,18.0216,33.983,30.13,21,47,4.43,SD,1698700650
531,tarinkot,32.6268,65.8733,16.44,34,5,0.9,AF,1698700652
532,peniche,39.3558,-9.3811,15.06,89,100,3.39,PT,1698700534
533,bafoulabe,13.8065,-10.8321,27.38,65,27,2.49,ML,1698700654
534,tabuk,17.4189,121.4443,22.24,98,100,0.65,PH,1698700654
535,naifaru,5.4444,73.3657,27.36,74,100,2.87,MV,1698700658
536,nzerekore,7.7562,-8.8179,20.1,95,68,0.59,GN,1698700660
537,las varillas,-31.8721,-62.7195,16.76,51,100,3.6,AR,1698700465
538,serenje,-13.2325,30.2352,20.32,68,32,4.78,ZM,1698700664
539,kayangel,8.0823,134.7173,28.45,75,20,3.47,PW,1698700667
540,argostolion,38.1811,20.489,20.41,58,0,1.02,GR,1698700670
541,inda silase,14.1031,38.2829,16.19,80,100,2.71,ET,1698700670
542,roleystone,-32.1167,116.0667,12.53,65,65,6.17,AU,1698700671
543,guangyuan,32.442,105.823,15.54,92,84,0.28,CN,1698700672
544,yinchuan,38.4681,106.2731,14.73,22,26,2.83,CN,1698700673
545,durres,41.3231,19.4414,13.1,75,3,5.94,AL,1698700674
546,pudozh,61.8099,36.5345,-2.81,79,100,2.24,RU,1698700675
547,laojunmiao,39.8333,97.7333,6.03,26,100,0.56,CN,1698700675
548,contai,21.7786,87.7536,21.23,74,4,2.3,IN,1698700675
549,huangshan,29.7114,118.3125,14.26,81,0,0.44,CN,1698700676
550,hami,42.8,93.45,10.47,49,14,1.21,CN,1698700677
551,demak,-6.8909,110.6396,26.98,71,64,3.46,ID,1698700677
552,skovorodino,53.9833,123.9167,-9.05,57,100,1.09,RU,1698700678
553,okahao,-17.885,15.0667,24.69,11,5,5.79,NA,1698700679
